{
	"info": {
		"_postman_id": "918fbef8-0d7a-4ced-9d2b-6741447afe7b",
		"name": "Task Management API",
		"description": "API Collection for managing projects, tasks, and comments",
		"schema": "https://schema.getpostman.com/json/collection/v2.1.0/collection.json",
		"_exporter_id": "31078046"
	},
	"item": [
		{
			"name": "Authentication",
			"item": [
				{
					"name": "Register",
					"request": {
						"method": "POST",
						"header": [
							{
								"key": "Accept",
								"value": "application/json",
								"type": "text"
							}
						],
						"body": {
							"mode": "raw",
							"raw": "{\n  \"name\": \"user\",\n  \"email\": \"user@example.com\",\n  \"password\": \"123123123\"\n}",
							"options": {
								"raw": {
									"language": "json"
								}
							}
						},
						"url": {
							"raw": "{{base_url}}/api/register",
							"host": [
								"{{base_url}}"
							],
							"path": [
								"api",
								"register"
							]
						}
					},
					"response": []
				},
				{
					"name": "Login",
					"request": {
						"method": "POST",
						"header": [
							{
								"key": "Accept",
								"value": "application/json",
								"type": "text"
							}
						],
						"body": {
							"mode": "raw",
							"raw": "{\n  \"email\": \"user@example.com\",\n  \"password\": \"123123123\"\n}",
							"options": {
								"raw": {
									"language": "json"
								}
							}
						},
						"url": {
							"raw": "{{base_url}}/api/login",
							"host": [
								"{{base_url}}"
							],
							"path": [
								"api",
								"login"
							]
						}
					},
					"response": []
				}
			]
		},
		{
			"name": "User",
			"item": [
				{
					"name": "Get User",
					"request": {
						"method": "GET",
						"header": [
							{
								"key": "Accept",
								"value": "application/json",
								"type": "text"
							}
						],
						"url": {
							"raw": "{{base_url}}/api/user",
							"host": [
								"{{base_url}}"
							],
							"path": [
								"api",
								"user"
							]
						}
					},
					"response": []
				},
				{
					"name": "Get User Projects",
					"request": {
						"method": "GET",
						"header": [
							{
								"key": "Accept",
								"value": "application/json",
								"type": "text"
							}
						],
						"url": {
							"raw": "{{base_url}}/api/user/projects",
							"host": [
								"{{base_url}}"
							],
							"path": [
								"api",
								"user",
								"projects"
							],
							"query": [
								{
									"key": "",
									"value": null,
									"disabled": true
								}
							]
						}
					},
					"response": []
				},
				{
					"name": "Get User Tasks",
					"request": {
						"method": "GET",
						"header": [
							{
								"key": "Accept",
								"value": "application/json",
								"type": "text"
							}
						],
						"url": {
							"raw": "{{base_url}}/api/user/tasks",
							"host": [
								"{{base_url}}"
							],
							"path": [
								"api",
								"user",
								"tasks"
							]
						}
					},
					"response": []
				}
			]
		},
		{
			"name": "Projects",
			"item": [
				{
					"name": "Get Projects",
					"request": {
						"method": "GET",
						"header": [
							{
								"key": "Accept",
								"value": "application/json",
								"type": "text"
							}
						],
						"url": {
							"raw": "{{base_url}}/api/projects",
							"host": [
								"{{base_url}}"
							],
							"path": [
								"api",
								"projects"
							]
						}
					},
					"response": []
				},
				{
					"name": "Create Project",
					"request": {
						"method": "POST",
						"header": [
							{
								"key": "Accept",
								"value": "application/json",
								"type": "text"
							}
						],
						"body": {
							"mode": "raw",
							"raw": "{\n  \"name\": \"First Project\",\n  \"description\": \"Lorem ipsum\"\n}",
							"options": {
								"raw": {
									"language": "json"
								}
							}
						},
						"url": {
							"raw": "{{base_url}}/api/projects",
							"host": [
								"{{base_url}}"
							],
							"path": [
								"api",
								"projects"
							]
						}
					},
					"response": []
				},
				{
					"name": "Get Project",
					"request": {
						"method": "GET",
						"header": [
							{
								"key": "Accept",
								"value": "application/json",
								"type": "text"
							}
						],
						"url": {
							"raw": "{{base_url}}/api/projects/{{project_id}}",
							"host": [
								"{{base_url}}"
							],
							"path": [
								"api",
								"projects",
								"{{project_id}}"
							]
						}
					},
					"response": []
				},
				{
					"name": "Update Project",
					"request": {
						"method": "PUT",
						"header": [
							{
								"key": "Accept",
								"value": "application/json",
								"type": "text"
							}
						],
						"body": {
							"mode": "raw",
							"raw": "{\n  \"name\": \"First Project updated\",\n  \"description\": \"Lorem ipsum\"\n}",
							"options": {
								"raw": {
									"language": "json"
								}
							}
						},
						"url": {
							"raw": "{{base_url}}/api/projects/{{project_id}}",
							"host": [
								"{{base_url}}"
							],
							"path": [
								"api",
								"projects",
								"{{project_id}}"
							],
							"variable": [
								{
									"key": "project_id",
									"value": ""
								}
							]
						}
					},
					"response": []
				},
				{
					"name": "Delete Project",
					"request": {
						"method": "DELETE",
						"header": [
							{
								"key": "Accept",
								"value": "application/json",
								"type": "text"
							}
						],
						"url": {
							"raw": "{{base_url}}/api/projects/{{project_id}}",
							"host": [
								"{{base_url}}"
							],
							"path": [
								"api",
								"projects",
								"{{project_id}}"
							],
							"variable": [
								{
									"key": "project_id",
									"value": ""
								}
							]
						}
					},
					"response": []
				},
				{
					"name": "Get Users in Project",
					"request": {
						"method": "GET",
						"header": [
							{
								"key": "Accept",
								"value": "application/json",
								"type": "text"
							}
						],
						"url": {
							"raw": "{{base_url}}/api/projects/{{project_id}}/users",
							"host": [
								"{{base_url}}"
							],
							"path": [
								"api",
								"projects",
								"{{project_id}}",
								"users"
							]
						}
					},
					"response": []
				},
				{
					"name": "Invite User to Project",
					"request": {
						"method": "POST",
						"header": [
							{
								"key": "Accept",
								"value": "application/json",
								"type": "text"
							}
						],
						"body": {
							"mode": "raw",
							"raw": "{\n  \"email\": \"newuser@example.com\",\n  \"role\":\"member\"\n}",
							"options": {
								"raw": {
									"language": "json"
								}
							}
						},
						"url": {
							"raw": "{{base_url}}/api/projects/{{project_id}}/invite",
							"host": [
								"{{base_url}}"
							],
							"path": [
								"api",
								"projects",
								"{{project_id}}",
								"invite"
							],
							"variable": [
								{
									"key": "project_id",
									"value": ""
								}
							]
						}
					},
					"response": []
				},
				{
					"name": "Update User Role in Project",
					"request": {
						"method": "PUT",
						"header": [
							{
								"key": "Accept",
								"value": "application/json",
								"type": "text"
							}
						],
						"body": {
							"mode": "raw",
							"raw": "{\n  \"role\": \"admin\"\n}",
							"options": {
								"raw": {
									"language": "json"
								}
							}
						},
						"url": {
							"raw": "{{base_url}}/api/projects/{{project_id}}/users/{{user_id}}/role",
							"host": [
								"{{base_url}}"
							],
							"path": [
								"api",
								"projects",
								"{{project_id}}",
								"users",
								"{{user_id}}",
								"role"
							]
						}
					},
					"response": []
				},
				{
					"name": "Remove User from Project",
					"request": {
						"method": "DELETE",
						"header": [
							{
								"key": "Accept",
								"value": "application/json",
								"type": "text"
							}
						],
						"url": {
							"raw": "{{base_url}}/api/projects/{{project_id}}/users/{{user_id}}",
							"host": [
								"{{base_url}}"
							],
							"path": [
								"api",
								"projects",
								"{{project_id}}",
								"users",
								"{{user_id}}"
							]
						}
					},
					"response": []
				}
			]
		},
		{
			"name": "Tasks",
			"item": [
				{
					"name": "Create Task",
					"request": {
						"method": "POST",
						"header": [
							{
								"key": "Accept",
								"value": "application/json",
								"type": "text"
							}
						],
						"body": {
							"mode": "raw",
							"raw": "{\n  \"title\": \"Task One\",\n  \"description\": \"Lorem Ipsum\",\n  \"user_id\":{{user_id}},\n  \"due_date\": \"2024-06-30T14:30:00\"\n}",
							"options": {
								"raw": {
									"language": "json"
								}
							}
						},
						"url": {
							"raw": "{{base_url}}/api/projects/{{project_id}}/tasks",
							"host": [
								"{{base_url}}"
							],
							"path": [
								"api",
								"projects",
								"{{project_id}}",
								"tasks"
							],
							"variable": [
								{
									"key": "project_id",
									"value": ""
								}
							]
						}
					},
					"response": []
				},
				{
					"name": "Get Tasks",
					"request": {
						"method": "GET",
						"header": [
							{
								"key": "Accept",
								"value": "application/json",
								"type": "text"
							}
						],
						"url": {
							"raw": "{{base_url}}/api/projects/{{project_id}}/tasks",
							"host": [
								"{{base_url}}"
							],
							"path": [
								"api",
								"projects",
								"{{project_id}}",
								"tasks"
							],
							"variable": [
								{
									"key": "project_id",
									"value": ""
								}
							]
						}
					},
					"response": []
				},
				{
					"name": "Get Task",
					"request": {
						"method": "GET",
						"header": [
							{
								"key": "Accept",
								"value": "application/json",
								"type": "text"
							}
						],
						"url": {
							"raw": "{{base_url}}/api/projects/{{project_id}}/tasks/{{task_id}}",
							"host": [
								"{{base_url}}"
							],
							"path": [
								"api",
								"projects",
								"{{project_id}}",
								"tasks",
								"{{task_id}}"
							]
						}
					},
					"response": []
				},
				{
					"name": "Update Task",
					"request": {
						"method": "PUT",
						"header": [
							{
								"key": "Accept",
								"value": "application/json",
								"type": "text"
							}
						],
						"body": {
							"mode": "raw",
							"raw": "{\n  \"title\": \"Task One updated\",\n  \"description\": \"Lorem ipsum\",\n\"status\":\"done\",\n\"due_date\":\"2024-07-05T14:30:00\"\n}",
							"options": {
								"raw": {
									"language": "json"
								}
							}
						},
						"url": {
							"raw": "{{base_url}}/api/projects/{{project_id}}/tasks/12",
							"host": [
								"{{base_url}}"
							],
							"path": [
								"api",
								"projects",
								"{{project_id}}",
								"tasks",
								"12"
							]
						}
					},
					"response": []
				},
				{
					"name": "Delete Tasks",
					"request": {
						"method": "DELETE",
						"header": [
							{
								"key": "Accept",
								"value": "application/json",
								"type": "text"
							}
						],
						"body": {
							"mode": "raw",
							"raw": "[\r\n    1,2,3\r\n]",
							"options": {
								"raw": {
									"language": "json"
								}
							}
						},
						"url": {
							"raw": "{{base_url}}/api/projects/{{project_id}}/tasks",
							"host": [
								"{{base_url}}"
							],
							"path": [
								"api",
								"projects",
								"{{project_id}}",
								"tasks"
							]
						}
					},
					"response": []
				},
				{
					"name": "Update Task Status",
					"request": {
						"method": "PUT",
						"header": [
							{
								"key": "Accept",
								"value": "application/json",
								"type": "text"
							}
						],
						"body": {
							"mode": "raw",
							"raw": "{\n  \"status\": \"done\"\n}",
							"options": {
								"raw": {
									"language": "json"
								}
							}
						},
						"url": {
							"raw": "{{base_url}}/api/projects/{{project_id}}/tasks/{{task_id}}/status",
							"host": [
								"{{base_url}}"
							],
							"path": [
								"api",
								"projects",
								"{{project_id}}",
								"tasks",
								"{{task_id}}",
								"status"
							]
						}
					},
					"response": []
				},
				{
					"name": "Get User Tasks in Project",
					"request": {
						"method": "GET",
						"header": [
							{
								"key": "Accept",
								"value": "application/json",
								"type": "text"
							}
						],
						"url": {
							"raw": "{{base_url}}/api/projects/{{project_id}}/users/{{user_id}}/tasks",
							"host": [
								"{{base_url}}"
							],
							"path": [
								"api",
								"projects",
								"{{project_id}}",
								"users",
								"{{user_id}}",
								"tasks"
							]
						}
					},
					"response": []
				}
			]
		},
		{
			"name": "Project Comments",
			"item": [
				{
					"name": "Get Project Comments",
					"request": {
						"method": "GET",
						"header": [
							{
								"key": "Accept",
								"value": "application/json",
								"type": "text"
							}
						],
						"url": {
							"raw": "{{base_url}}/api/projects/{{project_id}}/comments",
							"host": [
								"{{base_url}}"
							],
							"path": [
								"api",
								"projects",
								"{{project_id}}",
								"comments"
							],
							"variable": [
								{
									"key": "project_id",
									"value": ""
								}
							]
						}
					},
					"response": []
				},
				{
					"name": "Create Project Comment",
					"request": {
						"method": "POST",
						"header": [],
						"body": {
							"mode": "raw",
							"raw": "{\n  \"comment\": \"Awesome Project\"\n}",
							"options": {
								"raw": {
									"language": "json"
								}
							}
						},
						"url": {
							"raw": "{{base_url}}/api/projects/{{project_id}}/comments",
							"host": [
								"{{base_url}}"
							],
							"path": [
								"api",
								"projects",
								"{{project_id}}",
								"comments"
							],
							"variable": [
								{
									"key": "project_id",
									"value": ""
								}
							]
						}
					},
					"response": []
				},
				{
					"name": "Update Project Comment",
					"request": {
						"method": "PUT",
						"header": [],
						"body": {
							"mode": "raw",
							"raw": "{\n  \"comment\": \"Awesome Project I Like This\"\n}",
							"options": {
								"raw": {
									"language": "json"
								}
							}
						},
						"url": {
							"raw": "{{base_url}}/api/projects/{{project_id}}/comments/{{comment_id}}",
							"host": [
								"{{base_url}}"
							],
							"path": [
								"api",
								"projects",
								"{{project_id}}",
								"comments",
								"{{comment_id}}"
							]
						}
					},
					"response": []
				},
				{
					"name": "Delete Project Comment",
					"request": {
						"method": "DELETE",
						"header": [],
						"url": {
							"raw": "{{base_url}}/api/projects/{{project_id}}/comments/{{comment_id}}",
							"host": [
								"{{base_url}}"
							],
							"path": [
								"api",
								"projects",
								"{{project_id}}",
								"comments",
								"{{comment_id}}"
							],
							"variable": [
								{
									"key": "project_id",
									"value": ""
								},
								{
									"key": "comment_id",
									"value": ""
								}
							]
						}
					},
					"response": []
				}
			]
		},
		{
			"name": "Task Comments",
			"item": [
				{
					"name": "Get Task Comments",
					"request": {
						"method": "GET",
						"header": [
							{
								"key": "Accept",
								"value": "application/json",
								"type": "text"
							}
						],
						"url": {
							"raw": "{{base_url}}/api/tasks/{{task_id}}/comments",
							"host": [
								"{{base_url}}"
							],
							"path": [
								"api",
								"tasks",
								"{{task_id}}",
								"comments"
							],
							"variable": [
								{
									"key": "task_id",
									"value": ""
								}
							]
						}
					},
					"response": []
				},
				{
					"name": "Create Task Comment",
					"request": {
						"method": "POST",
						"header": [
							{
								"key": "Accept",
								"value": "application/json",
								"type": "text"
							}
						],
						"body": {
							"mode": "raw",
							"raw": "{\n  \"comment\": \"It's a great task\"\n}",
							"options": {
								"raw": {
									"language": "json"
								}
							}
						},
						"url": {
							"raw": "{{base_url}}/api/tasks/{{task_id}}/comments",
							"host": [
								"{{base_url}}"
							],
							"path": [
								"api",
								"tasks",
								"{{task_id}}",
								"comments"
							],
							"variable": [
								{
									"key": "task_id",
									"value": ""
								}
							]
						}
					},
					"response": []
				},
				{
					"name": "Update Task Comment",
					"request": {
						"method": "PUT",
						"header": [
							{
								"key": "Accept",
								"value": "application/json",
								"type": "text"
							}
						],
						"body": {
							"mode": "raw",
							"raw": "{\n  \"comment\": \"It's a great task, I Like This\"\n}",
							"options": {
								"raw": {
									"language": "json"
								}
							}
						},
						"url": {
							"raw": "{{base_url}}/api/tasks/{{task_id}}/comments/{{comment_id}}",
							"host": [
								"{{base_url}}"
							],
							"path": [
								"api",
								"tasks",
								"{{task_id}}",
								"comments",
								"{{comment_id}}"
							],
							"variable": [
								{
									"key": "task_id",
									"value": ""
								},
								{
									"key": "comment_id",
									"value": ""
								}
							]
						}
					},
					"response": []
				},
				{
					"name": "Delete Task Comment",
					"request": {
						"method": "DELETE",
						"header": [
							{
								"key": "Accept",
								"value": "application/json",
								"type": "text"
							}
						],
						"url": {
							"raw": "{{base_url}}/api/tasks/{{task_id}}/comments/{{comment_id}}",
							"host": [
								"{{base_url}}"
							],
							"path": [
								"api",
								"tasks",
								"{{task_id}}",
								"comments",
								"{{comment_id}}"
							],
							"variable": [
								{
									"key": "task_id",
									"value": ""
								},
								{
									"key": "comment_id",
									"value": ""
								}
							]
						}
					},
					"response": []
				}
			]
		}
	],
	"auth": {
		"type": "bearer",
		"bearer": [
			{
				"key": "token",
				"value": "5|hPWSTnzluIPrVniiL1rQGLUK0v2GFWYibudi0tpU",
				"type": "string"
			}
		]
	},
	"event": [
		{
			"listen": "prerequest",
			"script": {
				"type": "text/javascript",
				"packages": {},
				"exec": [
					""
				]
			}
		},
		{
			"listen": "test",
			"script": {
				"type": "text/javascript",
				"packages": {},
				"exec": [
					""
				]
			}
		}
	],
	"variable": [
		{
			"key": "base_url",
			"value": "http://127.0.0.1:8000"
		},
		{
			"key": "project_id",
			"value": "1",
			"type": "string"
		},
		{
			"key": "user_id",
			"value": "1",
			"type": "string"
		},
		{
			"key": "task_id",
			"value": "1",
			"type": "string"
		},
		{
			"key": "comment_id",
			"value": "1"
		}
	]
}